{"livros\\Em Busca da Verdade (Eliyahu E. Dessler).pdf": 1729001827.3749785, "livros\\fonte-da-vida.pdf": 1727572777.3112824, "livros\\hilchot-deot-integro.pdf": 1728153506.46261, "livros\\Nos Caminhos da Vida.pdf": 1725918430.329818, "livros\\Nos-caminhos-da-eternidade-1.pdf": 1728153262.5157032, "livros\\Nos-caminhos-da-eternidade-2.pdf": 1728153374.1763256, "livros\\O caminho dos justos (Moshe Chaim Luzzatto).pdf": 1729000536.168061, "livros\\Os Deveres do Cora\u00e7\u00e3o (Bachi\u00e1 ibn Pacuda).pdf": 1729000660.5502102, "livros\\Secrets of the Bible Teaching From Kabbalistic Masters (Michael Berg).epub": 1733492260.694475}